StartDate,EndDate,Status,IPAddress,Progress,Duration (in seconds),Finished,RecordedDate,ResponseId,RecipientLastName,RecipientFirstName,RecipientEmail,ExternalReference,LocationLatitude,LocationLongitude,DistributionChannel,UserLanguage,Q5,Q8,Q10
Start Date,End Date,Response Type,IP Address,Progress,Duration (in seconds),Finished,Recorded Date,Response ID,Recipient Last Name,Recipient First Name,Recipient Email,External Data Reference,Location Latitude,Location Longitude,Distribution Channel,User Language,Are you a recruited Varsity athlete?,"In your opinion, when compared to other prospective applicants how difficult is it for recruited athletes to be admitted to Harvard?","In your opinion, when compared to other prospective applicants how difficult is it for recruited athletes to be admitted to Harvard?"
"{""ImportId"":""startDate"",""timeZone"":""America/Denver""}","{""ImportId"":""endDate"",""timeZone"":""America/Denver""}","{""ImportId"":""status""}","{""ImportId"":""ipAddress""}","{""ImportId"":""progress""}","{""ImportId"":""duration""}","{""ImportId"":""finished""}","{""ImportId"":""recordedDate"",""timeZone"":""America/Denver""}","{""ImportId"":""_recordId""}","{""ImportId"":""recipientLastName""}","{""ImportId"":""recipientFirstName""}","{""ImportId"":""recipientEmail""}","{""ImportId"":""externalDataReference""}","{""ImportId"":""locationLatitude""}","{""ImportId"":""locationLongitude""}","{""ImportId"":""distributionChannel""}","{""ImportId"":""userLanguage""}","{""ImportId"":""QID5""}","{""ImportId"":""QID8""}","{""ImportId"":""QID10""}"
2019-10-29 13:18:31,2019-10-29 13:18:47,Survey Preview,,100,15,True,2019-10-29 13:18:47,R_12fjBHbgyHf85bw,,,,,42.3737030029296875,-71.1284027099609375,preview,EN,Yes,No difference,
2019-10-29 13:18:53,2019-10-29 13:19:14,Survey Preview,,100,21,True,2019-10-29 13:19:15,R_U9JYu0sKG2TcO5j,,,,,42.3737030029296875,-71.1284027099609375,preview,EN,Yes,,Much Harder
2019-10-29 13:20:39,2019-10-29 13:20:39,Survey Test,,100,0,True,2019-10-29 13:20:39,R_4T5iBC7ofbVoDVX,,,,,42.3737030029296875,-71.1284027099609375,test,,N/A,,Slightly Harder
2019-10-29 13:20:40,2019-10-29 13:20:40,Survey Test,,100,0,True,2019-10-29 13:20:40,R_bD940HN1WCBZeVD,,,,,42.3737030029296875,-71.1284027099609375,test,,No,No difference,
2019-10-29 13:20:40,2019-10-29 13:20:40,Survey Test,,100,0,True,2019-10-29 13:20:40,R_1XPeIUTB9JF9qJv,,,,,42.3737030029296875,-71.1284027099609375,test,,Yes,,No difference
2019-10-29 13:20:40,2019-10-29 13:20:40,Survey Test,,100,0,True,2019-10-29 13:20:40,R_3fqM3RxQIe0Iy1L,,,,,42.3737030029296875,-71.1284027099609375,test,,Yes,,No difference
2019-10-29 13:20:40,2019-10-29 13:20:40,Survey Test,,100,0,True,2019-10-29 13:20:40,R_88M8oGKgxJRiWLH,,,,,42.3737030029296875,-71.1284027099609375,test,,N/A,Slightly Easier,
2019-10-29 13:20:53,2019-10-29 13:20:54,Survey Test,,100,1,True,2019-10-29 13:20:54,R_9mEU6YYM0VsOjuR,,,,,42.3737030029296875,-71.1284027099609375,test,,N/A,,Slightly Easier
2019-10-29 13:20:54,2019-10-29 13:20:54,Survey Test,,100,0,True,2019-10-29 13:20:54,R_0cji9BBkltUMmk5,,,,,42.3737030029296875,-71.1284027099609375,test,,N/A,,Much Harder
2019-10-29 13:20:54,2019-10-29 13:20:54,Survey Test,,100,0,True,2019-10-29 13:20:54,R_5vTQrJmT4rn2a0J,,,,,42.3737030029296875,-71.1284027099609375,test,,No,No difference,
2019-10-29 13:20:54,2019-10-29 13:20:54,Survey Test,,100,0,True,2019-10-29 13:20:54,R_eFMqikjmrhu922p,,,,,42.3737030029296875,-71.1284027099609375,test,,No,,Much Harder
2019-10-29 13:20:54,2019-10-29 13:20:54,Survey Test,,100,0,True,2019-10-29 13:20:54,R_bCSflFhDBn7VvZb,,,,,42.3737030029296875,-71.1284027099609375,test,,N/A,,No difference
2019-10-29 13:21:02,2019-10-29 13:21:02,Survey Test,,100,0,True,2019-10-29 13:21:02,R_abcBGOvBSAhDDg1,,,,,42.3737030029296875,-71.1284027099609375,test,,N/A,,Slightly Harder
2019-10-29 13:21:02,2019-10-29 13:21:02,Survey Test,,100,0,True,2019-10-29 13:21:02,R_9XHJGowNwdF19lP,,,,,42.3737030029296875,-71.1284027099609375,test,,N/A,,Slightly Easier
2019-10-29 13:21:02,2019-10-29 13:21:02,Survey Test,,100,0,True,2019-10-29 13:21:02,R_5opWM1tXChkf9VX,,,,,42.3737030029296875,-71.1284027099609375,test,,No,Slightly Harder,
2019-10-29 13:21:02,2019-10-29 13:21:03,Survey Test,,100,1,True,2019-10-29 13:21:03,R_067e0DCiRZxF7q5,,,,,42.3737030029296875,-71.1284027099609375,test,,N/A,,Much Harder
2019-10-29 13:21:03,2019-10-29 13:21:03,Survey Test,,100,0,True,2019-10-29 13:21:03,R_8puIEcF5kUMCxNz,,,,,42.3737030029296875,-71.1284027099609375,test,,N/A,,Slightly Harder
2019-10-29 13:21:16,2019-10-29 13:21:16,Survey Test,,100,0,True,2019-10-29 13:21:16,R_aV1kEGEBcSeypAF,,,,,42.3737030029296875,-71.1284027099609375,test,,No,,Slightly Easier
2019-10-29 13:21:16,2019-10-29 13:21:16,Survey Test,,100,0,True,2019-10-29 13:21:16,R_0PamLwVMhVWuM17,,,,,42.3737030029296875,-71.1284027099609375,test,,No,Slightly Easier,
2019-10-29 13:21:16,2019-10-29 13:21:16,Survey Test,,100,0,True,2019-10-29 13:21:16,R_8w69sv9mal8qM6h,,,,,42.3737030029296875,-71.1284027099609375,test,,Yes,,No difference
2019-10-29 13:21:17,2019-10-29 13:21:17,Survey Test,,100,0,True,2019-10-29 13:21:17,R_bp9J58l8ygQmNgx,,,,,42.3737030029296875,-71.1284027099609375,test,,N/A,Slightly Easier,
2019-10-29 13:21:17,2019-10-29 13:21:17,Survey Test,,100,0,True,2019-10-29 13:21:17,R_3rWvHX1HHFiBJoV,,,,,42.3737030029296875,-71.1284027099609375,test,,N/A,Slightly Easier,
2019-10-29 19:05:22,2019-10-29 19:05:36,IP Address,65.112.8.20,100,14,True,2019-10-29 19:05:37,R_10GZYyGmXztISKc,,,,,42.3737030029296875,-71.1284027099609375,anonymous,EN,Yes,No difference,
2019-10-30 12:01:11,2019-10-30 12:01:56,IP Address,65.112.8.54,100,44,True,2019-10-30 12:01:56,R_3KvTPMsVIBIPo8R,,,,,42.3737030029296875,-71.1284027099609375,anonymous,EN,No,,Slightly Easier
2019-10-30 12:02:25,2019-10-30 12:02:35,IP Address,65.112.8.57,100,9,True,2019-10-30 12:02:35,R_3iWi6ZQcRO6nqlK,,,,,42.3737030029296875,-71.1284027099609375,anonymous,EN,No,Much Easier,
2019-10-30 12:02:22,2019-10-30 12:03:01,IP Address,65.112.8.51,100,38,True,2019-10-30 12:03:01,R_3qyTf6dxWEAclWA,,,,,42.3737030029296875,-71.1284027099609375,anonymous,EN,No,,Slightly Easier
2019-10-30 12:02:33,2019-10-30 12:03:11,IP Address,172.58.221.18,100,38,True,2019-10-30 12:03:12,R_3Mg35iLbk9cdILT,,,,,41.82330322265625,-71.44100189208984375,anonymous,EN,No,,Slightly Easier
2019-10-30 12:01:48,2019-10-30 12:03:15,Spam,65.112.8.54,100,86,True,2019-10-30 12:03:15,R_10Nkxm9nZyudADV,,,,,42.3737030029296875,-71.1284027099609375,anonymous,EN,No,,Slightly Easier
2019-10-30 12:03:51,2019-10-30 12:04:05,IP Address,99.203.57.75,100,14,True,2019-10-30 12:04:05,R_30uVGhC2eHabYWx,,,,,42.10150146484375,-72.5897979736328125,anonymous,EN,No,Much Easier,
2019-10-30 12:08:56,2019-10-30 12:09:06,IP Address,107.77.225.23,100,10,True,2019-10-30 12:09:06,R_3pampx347XD9L9r,,,,,40.73590087890625,-73.9904022216796875,anonymous,EN,No,Much Easier,
2019-10-30 12:14:30,2019-10-30 12:15:15,IP Address,65.112.8.26,100,44,True,2019-10-30 12:15:15,R_1F8TJ2lfsZa2suM,,,,,42.3737030029296875,-71.1284027099609375,anonymous,EN,No,,Much Easier
2019-10-30 12:18:02,2019-10-30 12:18:12,IP Address,69.173.127.24,100,9,True,2019-10-30 12:18:12,R_u3rxpO0AKQEnUfn,,,,,42.36199951171875,-71.08300018310546875,anonymous,EN,No,Much Easier,
2019-10-30 12:18:17,2019-10-30 12:18:26,IP Address,65.112.8.61,100,9,True,2019-10-30 12:18:26,R_30ocwhhV7ySYavG,,,,,42.3737030029296875,-71.1284027099609375,anonymous,EN,No,Slightly Easier,
2019-10-30 12:21:19,2019-10-30 12:22:03,IP Address,65.112.8.22,100,43,True,2019-10-30 12:22:03,R_1DqeNeN6k4brrP4,,,,,42.3737030029296875,-71.1284027099609375,anonymous,EN,No,,Much Easier
2019-10-30 12:21:51,2019-10-30 12:22:21,IP Address,65.112.8.31,100,30,True,2019-10-30 12:22:22,R_3sbPVlIz92JFmSp,,,,,42.3737030029296875,-71.1284027099609375,anonymous,EN,No,,Much Easier
2019-10-30 12:24:07,2019-10-30 12:24:22,IP Address,107.77.223.51,100,15,True,2019-10-30 12:24:22,R_3EQZ3gp3OupCulP,,,,,40.73590087890625,-73.9904022216796875,anonymous,EN,No,,Slightly Easier
2019-10-30 12:26:07,2019-10-30 12:26:19,IP Address,65.112.8.16,100,12,True,2019-10-30 12:26:22,R_5cIvU10mZgB427T,,,,,42.3737030029296875,-71.1284027099609375,anonymous,EN,No,Slightly Easier,
2019-10-30 12:26:12,2019-10-30 12:26:29,IP Address,65.112.8.20,100,17,True,2019-10-30 12:26:30,R_3JFBI9TjpbxtMoY,,,,,42.3737030029296875,-71.1284027099609375,anonymous,EN,No,,Slightly Easier
2019-10-30 12:26:26,2019-10-30 12:26:42,IP Address,65.112.8.61,100,15,True,2019-10-30 12:26:42,R_2uq6FFtygX36i8F,,,,,42.3737030029296875,-71.1284027099609375,anonymous,EN,No,Much Easier,
2019-10-30 12:26:27,2019-10-30 12:26:42,IP Address,65.112.8.30,100,14,True,2019-10-30 12:26:43,R_3MEUA0pnDnmBuld,,,,,42.3737030029296875,-71.1284027099609375,anonymous,EN,No,Much Easier,
2019-10-30 12:26:25,2019-10-30 12:26:47,IP Address,65.112.8.49,100,22,True,2019-10-30 12:26:48,R_2dM7BXDPUn0OUv3,,,,,42.3737030029296875,-71.1284027099609375,anonymous,EN,No,Slightly Easier,
2019-10-30 12:26:48,2019-10-30 12:27:12,IP Address,65.112.8.17,100,23,True,2019-10-30 12:27:12,R_TvB9VaIWoad0ieB,,,,,42.3737030029296875,-71.1284027099609375,anonymous,EN,No,,Slightly Easier
2019-10-30 12:27:01,2019-10-30 12:27:15,IP Address,65.112.8.54,100,14,True,2019-10-30 12:27:15,R_2TAcxkQYBweMbTB,,,,,42.3737030029296875,-71.1284027099609375,anonymous,EN,No,Slightly Easier,
2019-10-30 12:27:15,2019-10-30 12:27:27,IP Address,65.112.8.133,100,11,True,2019-10-30 12:27:27,R_1gUzAYUuyVespaI,,,,,42.3737030029296875,-71.1284027099609375,anonymous,EN,No,Slightly Easier,
2019-10-30 12:27:22,2019-10-30 12:27:40,IP Address,131.171.200.169,100,18,True,2019-10-30 12:27:41,R_2s1MNYy31znqwDM,,,,,38.92059326171875,-76.87870025634765625,anonymous,EN,No,,Much Easier
2019-10-30 12:27:40,2019-10-30 12:28:00,IP Address,65.112.8.59,100,20,True,2019-10-30 12:28:01,R_2uNVP8nEi9nZfv0,,,,,42.3737030029296875,-71.1284027099609375,anonymous,EN,No,Much Easier,
2019-10-30 12:28:43,2019-10-30 12:29:00,IP Address,65.112.8.56,100,16,True,2019-10-30 12:29:00,R_5pwWVepF31JZR6h,,,,,42.3737030029296875,-71.1284027099609375,anonymous,EN,No,Much Easier,
2019-10-30 12:28:16,2019-10-30 12:29:01,IP Address,174.242.65.63,100,45,True,2019-10-30 12:29:01,R_2ypBa2l39hGVhyX,,,,,42.33990478515625,-71.1244964599609375,anonymous,EN,No,,Much Easier
2019-10-30 12:28:38,2019-10-30 12:29:05,IP Address,65.112.8.2,100,27,True,2019-10-30 12:29:05,R_1lztsONtRI4uzXM,,,,,42.3737030029296875,-71.1284027099609375,anonymous,EN,No,Slightly Easier,
2019-10-30 12:28:46,2019-10-30 12:29:22,IP Address,107.77.224.152,100,36,True,2019-10-30 12:29:23,R_ezgQDVBTux7aXuN,,,,,40.7035064697265625,-73.92350006103515625,anonymous,EN,No,,Slightly Easier
2019-10-30 12:30:02,2019-10-30 12:30:18,IP Address,65.112.8.26,100,15,True,2019-10-30 12:30:18,R_XTUWq4VEHeDXrCF,,,,,42.3737030029296875,-71.1284027099609375,anonymous,EN,No,Much Easier,
2019-10-30 12:30:19,2019-10-30 12:30:52,IP Address,174.242.70.196,100,33,True,2019-10-30 12:30:53,R_2q2jmFos2XveAyW,,,,,42.33990478515625,-71.1244964599609375,anonymous,EN,No,,Slightly Easier
2019-10-30 12:30:40,2019-10-30 12:30:56,IP Address,67.134.204.40,100,16,True,2019-10-30 12:30:57,R_2YtxbCEJgLtSpvW,,,,,42.3737030029296875,-71.1284027099609375,anonymous,EN,No,Much Easier,
2019-10-30 12:30:29,2019-10-30 12:30:59,IP Address,65.112.8.21,100,29,True,2019-10-30 12:30:59,R_1Qn4jdmc8JAUmQV,,,,,42.3737030029296875,-71.1284027099609375,anonymous,EN,No,Slightly Easier,
2019-10-30 12:30:49,2019-10-30 12:31:03,Spam,65.112.8.16,100,14,True,2019-10-30 12:31:03,R_22surUdJSbLljMc,,,,,42.3737030029296875,-71.1284027099609375,anonymous,EN,No,Slightly Easier,
2019-10-30 12:30:47,2019-10-30 12:31:12,IP Address,107.77.225.102,100,24,True,2019-10-30 12:31:12,R_6DNM786rkUIQtKF,,,,,40.7427978515625,-73.97119903564453125,anonymous,EN,No,Slightly Easier,
2019-10-30 12:32:42,2019-10-30 12:33:03,IP Address,199.94.1.207,100,20,True,2019-10-30 12:33:03,R_1Huwq2KUsRmUyVb,,,,,42.3253021240234375,-71.1121978759765625,anonymous,EN,No,No difference,
2019-10-30 12:33:56,2019-10-30 12:34:17,Spam,65.112.8.61,100,20,True,2019-10-30 12:34:18,R_1ISMYYWQ7QRSDow,,,,,42.3737030029296875,-71.1284027099609375,anonymous,EN,No,Slightly Easier,
2019-10-30 12:36:24,2019-10-30 12:36:43,IP Address,65.112.8.21,100,19,True,2019-10-30 12:36:43,R_1M5qK2GNVL4S3Q6,,,,,42.3737030029296875,-71.1284027099609375,anonymous,EN,Yes,Slightly Easier,
2019-10-30 12:36:37,2019-10-30 12:37:06,IP Address,65.112.8.56,100,29,True,2019-10-30 12:37:06,R_2wSwDh6vwb3db0v,,,,,42.3737030029296875,-71.1284027099609375,anonymous,EN,No,,Slightly Easier
2019-10-30 12:37:06,2019-10-30 12:37:54,IP Address,65.112.8.132,100,47,True,2019-10-30 12:37:54,R_3su1oJBgmXn9YYw,,,,,42.3737030029296875,-71.1284027099609375,anonymous,EN,No,,Slightly Easier
2019-10-30 12:38:10,2019-10-30 12:38:18,IP Address,65.112.8.57,100,8,True,2019-10-30 12:38:18,R_A0Nkzg6VRc9LkQx,,,,,42.3737030029296875,-71.1284027099609375,anonymous,EN,No,Much Easier,
2019-10-30 12:38:22,2019-10-30 12:38:32,IP Address,65.112.8.27,100,10,True,2019-10-30 12:38:32,R_27qHNuTgTvcrefS,,,,,42.3737030029296875,-71.1284027099609375,anonymous,EN,No,Much Easier,
2019-10-30 12:37:46,2019-10-30 12:38:35,IP Address,65.112.8.58,100,48,True,2019-10-30 12:38:35,R_2YPmF7iXEK8lGb7,,,,,42.3737030029296875,-71.1284027099609375,anonymous,EN,Yes,,Slightly Easier
2019-10-30 12:38:41,2019-10-30 12:39:05,Spam,65.112.8.49,100,23,True,2019-10-30 12:39:06,R_PzEXWu9lhPTu0TL,,,,,42.3737030029296875,-71.1284027099609375,anonymous,EN,No,Slightly Easier,
2019-10-30 12:40:12,2019-10-30 12:40:37,IP Address,65.112.8.7,100,25,True,2019-10-30 12:40:38,R_VWJWLMQMIVOBolj,,,,,42.3737030029296875,-71.1284027099609375,anonymous,EN,No,,Much Easier
2019-10-30 12:42:57,2019-10-30 12:43:08,IP Address,65.112.8.53,100,10,True,2019-10-30 12:43:08,R_3ennbW3s6O5DXZV,,,,,42.3737030029296875,-71.1284027099609375,anonymous,EN,No,Much Easier,
2019-10-30 12:43:31,2019-10-30 12:43:40,IP Address,65.112.8.135,100,9,True,2019-10-30 12:43:40,R_2EsLzRldwKnJKTT,,,,,42.3737030029296875,-71.1284027099609375,anonymous,EN,No,Much Easier,
2019-10-30 12:44:21,2019-10-30 12:44:52,IP Address,65.112.8.57,100,31,True,2019-10-30 12:44:53,R_2P4Jk6w3G9T0DA2,,,,,42.3737030029296875,-71.1284027099609375,anonymous,EN,No,,Much Easier
2019-10-30 12:47:40,2019-10-30 12:48:01,IP Address,65.112.8.136,100,21,True,2019-10-30 12:48:02,R_2upRdxeDMzc2erB,,,,,42.3737030029296875,-71.1284027099609375,anonymous,EN,No,Much Easier,
2019-10-30 12:48:23,2019-10-30 12:48:54,IP Address,172.58.221.253,100,30,True,2019-10-30 12:48:54,R_3LZty6olMA4X6u3,,,,,41.8860015869140625,-71.345703125,anonymous,EN,No,,Slightly Easier
2019-10-30 12:49:26,2019-10-30 12:49:38,IP Address,65.112.8.20,100,12,True,2019-10-30 12:49:38,R_2sXSS5RXkBEwgYz,,,,,42.3737030029296875,-71.1284027099609375,anonymous,EN,No,Slightly Easier,
2019-10-30 12:49:51,2019-10-30 12:50:15,Spam,65.112.8.57,100,23,True,2019-10-30 12:50:15,R_3ylvWURoLOgDK1z,,,,,42.3737030029296875,-71.1284027099609375,anonymous,EN,No,,Much Easier
2019-10-30 12:51:41,2019-10-30 12:51:54,IP Address,172.58.219.182,100,12,True,2019-10-30 12:51:56,R_3DuQlEzeyHvwZMj,,,,,42.356201171875,-71.06310272216796875,anonymous,EN,No,Much Easier,
2019-10-30 12:53:57,2019-10-30 12:54:25,IP Address,65.112.8.48,100,27,True,2019-10-30 12:54:25,R_2Evnk7VKkI43tEZ,,,,,42.3737030029296875,-71.1284027099609375,anonymous,EN,No,,Much Easier
2019-10-30 12:55:07,2019-10-30 12:55:25,IP Address,65.112.8.132,100,18,True,2019-10-30 12:55:25,R_Tia152nsuFBYPQJ,,,,,42.3737030029296875,-71.1284027099609375,anonymous,EN,No,Slightly Easier,
2019-10-30 12:54:59,2019-10-30 12:55:25,IP Address,65.112.8.18,100,26,True,2019-10-30 12:55:26,R_2SCg8HQrnJUvGh3,,,,,42.3737030029296875,-71.1284027099609375,anonymous,EN,No,Slightly Easier,
2019-10-30 12:54:52,2019-10-30 12:55:27,Spam,65.112.8.48,100,34,True,2019-10-30 12:55:27,R_z99Hp5JMUbR68Df,,,,,42.3737030029296875,-71.1284027099609375,anonymous,EN,No,,Much Easier
2019-10-30 12:55:01,2019-10-30 12:55:41,IP Address,107.77.225.159,100,40,True,2019-10-30 12:55:41,R_qw4ZR98e2tMtlW9,,,,,40.7427978515625,-73.97119903564453125,anonymous,EN,No,,Slightly Easier
2019-10-30 12:54:34,2019-10-30 12:56:07,IP Address,107.77.225.73,100,92,True,2019-10-30 12:56:07,R_2YY91314z2pLc4V,,,,,40.7653045654296875,-73.95890045166015625,anonymous,EN,No,,Slightly Easier
2019-10-30 12:55:32,2019-10-30 12:56:32,IP Address,107.77.224.190,100,59,True,2019-10-30 12:56:32,R_1mkMwQFpdLZMroG,,,,,40.7035064697265625,-73.92350006103515625,anonymous,EN,No,,Slightly Easier
2019-10-30 12:56:55,2019-10-30 12:57:04,IP Address,65.112.8.54,100,8,True,2019-10-30 12:57:04,R_QcbRRTRDzC7NV4t,,,,,42.3737030029296875,-71.1284027099609375,anonymous,EN,No,Much Easier,
2019-10-30 12:56:55,2019-10-30 12:57:07,IP Address,65.112.8.58,100,12,True,2019-10-30 12:57:07,R_31o2o24WOi2x0Kh,,,,,42.3737030029296875,-71.1284027099609375,anonymous,EN,No,Much Easier,
2019-10-30 12:58:30,2019-10-30 12:58:46,IP Address,65.112.8.60,100,16,True,2019-10-30 12:58:46,R_vGmNtKzDKH53yRH,,,,,42.3737030029296875,-71.1284027099609375,anonymous,EN,No,,Slightly Easier
2019-10-30 12:02:10,2019-10-30 13:00:21,IP Address,65.112.8.27,100,3491,True,2019-10-30 13:00:22,R_1OVKXKbiItq4knu,,,,,42.3737030029296875,-71.1284027099609375,anonymous,EN,No,Slightly Easier,
2019-10-30 13:00:11,2019-10-30 13:00:29,IP Address,65.112.8.24,100,18,True,2019-10-30 13:00:30,R_1f19e9hy6ESAkGV,,,,,42.3737030029296875,-71.1284027099609375,anonymous,EN,No,,Slightly Easier
2019-10-30 13:03:55,2019-10-30 13:04:47,IP Address,65.112.8.16,100,52,True,2019-10-30 13:04:48,R_3nxFqoA41z40vSf,,,,,42.3737030029296875,-71.1284027099609375,anonymous,EN,No,,Slightly Easier
2019-10-30 13:06:10,2019-10-30 13:06:32,IP Address,65.112.8.30,100,21,True,2019-10-30 13:06:32,R_sAmeO0tqLktlK9j,,,,,42.3737030029296875,-71.1284027099609375,anonymous,EN,No,,No difference
2019-10-30 13:06:37,2019-10-30 13:07:08,IP Address,65.112.8.51,100,30,True,2019-10-30 13:07:08,R_1oAz7u7ZCgxQyr3,,,,,42.3737030029296875,-71.1284027099609375,anonymous,EN,No,,Slightly Easier
2019-10-30 13:08:59,2019-10-30 13:10:04,IP Address,67.162.66.7,100,64,True,2019-10-30 13:10:04,R_3qwDVPGGoHIiqXs,,,,,41.68499755859375,-86.23509979248046875,anonymous,EN,No,Slightly Easier,
2019-10-30 13:12:56,2019-10-30 13:13:08,IP Address,174.242.70.77,100,11,True,2019-10-30 13:13:08,R_1H6OJYnXVZrsW9A,,,,,42.33990478515625,-71.1244964599609375,anonymous,EN,No,Slightly Easier,
2019-10-30 13:13:50,2019-10-30 13:14:21,IP Address,65.112.8.25,100,30,True,2019-10-30 13:14:21,R_1gOdKVsOIzOgIZh,,,,,42.3737030029296875,-71.1284027099609375,anonymous,EN,Yes,,Much Easier
2019-10-30 13:12:36,2019-10-30 13:18:14,IP Address,172.58.221.14,100,338,True,2019-10-30 13:18:15,R_SHmrYqXgNLp9ia5,,,,,41.82330322265625,-71.44100189208984375,anonymous,EN,No,,Slightly Easier
2019-10-30 13:21:21,2019-10-30 13:22:19,IP Address,65.112.8.27,100,58,True,2019-10-30 13:22:19,R_sTEQoyBYkzvbt2V,,,,,42.3737030029296875,-71.1284027099609375,anonymous,EN,Yes,,No difference
2019-10-30 13:22:49,2019-10-30 13:23:14,IP Address,65.112.8.52,100,25,True,2019-10-30 13:23:15,R_1DzNukgy8hkLOQa,,,,,42.3737030029296875,-71.1284027099609375,anonymous,EN,No,Slightly Easier,
2019-10-30 13:26:08,2019-10-30 13:27:43,IP Address,65.112.8.27,100,95,True,2019-10-30 13:27:43,R_3CDbgIhp2aqPORn,,,,,42.3737030029296875,-71.1284027099609375,anonymous,EN,No,,Slightly Easier
2019-10-30 13:29:24,2019-10-30 13:29:59,IP Address,65.112.8.18,100,35,True,2019-10-30 13:29:59,R_1gTTlZplS6IvFAW,,,,,42.3737030029296875,-71.1284027099609375,anonymous,EN,No,,Much Easier
2019-10-30 13:35:42,2019-10-30 13:36:21,IP Address,65.112.8.30,100,39,True,2019-10-30 13:36:22,R_sHbGZ16CNzhwWqZ,,,,,42.3737030029296875,-71.1284027099609375,anonymous,EN,No,,Slightly Easier
2019-10-30 13:44:53,2019-10-30 13:45:25,IP Address,107.77.223.94,100,31,True,2019-10-30 13:45:25,R_31sVh7dmOJWQcqW,,,,,40.73590087890625,-73.9904022216796875,anonymous,EN,No,,Slightly Easier
2019-10-30 14:04:40,2019-10-30 14:04:56,IP Address,65.112.8.50,100,16,True,2019-10-30 14:04:56,R_28NuWwM3dWDlY2b,,,,,42.3737030029296875,-71.1284027099609375,anonymous,EN,No,,Much Easier
2019-10-30 14:10:16,2019-10-30 14:13:28,IP Address,65.112.8.28,100,192,True,2019-10-30 14:13:28,R_9TWmWsEM6avVHSV,,,,,42.3737030029296875,-71.1284027099609375,anonymous,EN,No,Much Easier,
2019-10-30 14:14:12,2019-10-30 14:14:31,IP Address,65.112.8.3,100,19,True,2019-10-30 14:14:31,R_3JJXokRuQaXL2iW,,,,,42.3737030029296875,-71.1284027099609375,anonymous,EN,No,Much Easier,
2019-10-30 14:12:38,2019-10-30 14:15:43,IP Address,107.77.225.57,100,184,True,2019-10-30 14:15:43,R_2RVXo2EIWmIct8y,,,,,40.7427978515625,-73.97119903564453125,anonymous,EN,Yes,,No difference
2019-10-30 14:16:17,2019-10-30 14:16:36,IP Address,65.112.8.24,100,18,True,2019-10-30 14:16:36,R_21HW8J2CFKqDvSK,,,,,42.3737030029296875,-71.1284027099609375,anonymous,EN,Yes,Slightly Easier,
2019-10-30 14:14:41,2019-10-30 14:16:57,IP Address,65.112.8.3,100,136,True,2019-10-30 14:16:57,R_3n7P9a0l5pgQwQz,,,,,42.3737030029296875,-71.1284027099609375,anonymous,EN,No,,Much Easier
2019-10-30 14:20:02,2019-10-30 14:21:03,IP Address,65.112.8.22,100,61,True,2019-10-30 14:21:03,R_3COWcpwTnUuVnXs,,,,,42.3737030029296875,-71.1284027099609375,anonymous,EN,No,,Slightly Easier
2019-10-30 14:29:00,2019-10-30 14:29:25,IP Address,65.112.8.56,100,24,True,2019-10-30 14:29:25,R_UGaFhu45SimjYJ3,,,,,42.3737030029296875,-71.1284027099609375,anonymous,EN,No,Slightly Easier,
2019-10-30 14:29:40,2019-10-30 14:30:11,IP Address,65.112.8.57,100,31,True,2019-10-30 14:30:12,R_QbNBV8Z7HjYBmzn,,,,,42.3737030029296875,-71.1284027099609375,anonymous,EN,No,Slightly Easier,
2019-10-30 14:37:51,2019-10-30 14:38:11,IP Address,65.112.8.24,100,20,True,2019-10-30 14:38:11,R_abd1ejW07KSQ825,,,,,42.3737030029296875,-71.1284027099609375,anonymous,EN,No,Slightly Easier,
2019-10-30 14:46:12,2019-10-30 14:46:33,IP Address,65.112.8.61,100,20,True,2019-10-30 14:46:33,R_3n8EtlZY3dXd9b5,,,,,42.3737030029296875,-71.1284027099609375,anonymous,EN,No,No difference,
2019-10-30 14:51:30,2019-10-30 14:51:51,IP Address,65.112.8.58,100,20,True,2019-10-30 14:51:51,R_3khREibrnXiPRqC,,,,,42.3737030029296875,-71.1284027099609375,anonymous,EN,No,Much Easier,
2019-10-30 14:56:43,2019-10-30 14:57:43,IP Address,65.112.8.52,100,60,True,2019-10-30 14:57:43,R_1H5p0HoGEd7POgW,,,,,42.3737030029296875,-71.1284027099609375,anonymous,EN,No,,Slightly Easier
2019-10-30 15:37:14,2019-10-30 15:37:24,IP Address,65.112.8.18,100,9,True,2019-10-30 15:37:24,R_1GIkB8ebw6GLk1U,,,,,42.3737030029296875,-71.1284027099609375,anonymous,EN,No,Much Easier,
2019-10-30 15:57:25,2019-10-30 15:57:49,IP Address,174.196.201.121,100,23,True,2019-10-30 15:57:49,R_1FFIdqo7pPOKwbX,,,,,42.346405029296875,-71.097503662109375,anonymous,EN,No,,Slightly Easier
2019-10-30 16:11:24,2019-10-30 16:11:47,IP Address,65.112.8.205,100,22,True,2019-10-30 16:11:47,R_vcYJVqL5uHDiXoB,,,,,42.3737030029296875,-71.1284027099609375,anonymous,EN,No,Slightly Easier,
2019-10-30 16:23:29,2019-10-30 16:24:55,IP Address,65.112.8.27,100,85,True,2019-10-30 16:24:55,R_2AHCFLW9auwKKGj,,,,,42.3737030029296875,-71.1284027099609375,anonymous,EN,No,,Much Easier
2019-10-30 16:56:42,2019-10-30 16:57:08,IP Address,174.196.205.163,100,25,True,2019-10-30 16:57:08,R_3VLOduxObu8mKbL,,,,,42.3917999267578125,-71.5608978271484375,anonymous,EN,No,,Much Harder
2019-10-30 17:01:42,2019-10-30 17:02:13,IP Address,65.112.8.55,100,30,True,2019-10-30 17:02:13,R_27JXDxFOgM7oW2v,,,,,42.3737030029296875,-71.1284027099609375,anonymous,EN,No,,Much Easier
2019-10-30 17:34:16,2019-10-30 17:34:28,IP Address,65.112.8.31,100,12,True,2019-10-30 17:34:29,R_1g53R6KETogfH3h,,,,,42.3737030029296875,-71.1284027099609375,anonymous,EN,No,Much Easier,
2019-10-30 18:01:53,2019-10-30 18:03:36,IP Address,174.196.211.190,100,103,True,2019-10-30 18:03:37,R_SUa8LAXJ5NXrkYh,,,,,37.751007080078125,-97.82199859619140625,anonymous,EN,No,,Slightly Easier
2019-10-30 18:09:29,2019-10-30 18:09:44,IP Address,107.77.224.155,100,14,True,2019-10-30 18:09:44,R_3pi5uqb4kPUQEu0,,,,,40.8018951416015625,-73.928497314453125,anonymous,EN,No,Slightly Easier,
2019-10-30 18:41:06,2019-10-30 18:41:27,IP Address,65.112.8.55,100,21,True,2019-10-30 18:41:27,R_3Q0hzbn42lfOHxf,,,,,42.3737030029296875,-71.1284027099609375,anonymous,EN,No,Much Easier,
2019-10-30 18:42:45,2019-10-30 18:43:28,IP Address,65.112.8.19,100,42,True,2019-10-30 18:43:28,R_12bEQQrcyGe7Lgi,,,,,42.3737030029296875,-71.1284027099609375,anonymous,EN,No,,Slightly Easier
2019-10-30 18:43:12,2019-10-30 18:43:29,IP Address,65.112.8.60,100,16,True,2019-10-30 18:43:29,R_2SGj7VQYYACSzBC,,,,,42.3737030029296875,-71.1284027099609375,anonymous,EN,No,Slightly Harder,
2019-10-30 18:44:09,2019-10-30 18:44:26,IP Address,65.112.8.52,100,16,True,2019-10-30 18:44:26,R_30q0xT3gmn3TxfK,,,,,42.3737030029296875,-71.1284027099609375,anonymous,EN,No,Much Easier,
2019-10-30 18:42:44,2019-10-30 18:44:30,IP Address,65.112.8.22,100,106,True,2019-10-30 18:44:30,R_2BfeTjibzFxMcqU,,,,,42.3737030029296875,-71.1284027099609375,anonymous,EN,No,,Much Easier
2019-10-30 18:44:50,2019-10-30 18:45:00,IP Address,65.112.8.31,100,9,True,2019-10-30 18:45:00,R_2eXvK0DBzwWSJAH,,,,,42.3737030029296875,-71.1284027099609375,anonymous,EN,No,Much Easier,
2019-10-30 18:44:48,2019-10-30 18:45:00,IP Address,65.112.8.56,100,12,True,2019-10-30 18:45:01,R_3fisvZYtRj6wjIQ,,,,,42.3737030029296875,-71.1284027099609375,anonymous,EN,No,Slightly Easier,
2019-10-30 18:46:20,2019-10-30 18:46:44,IP Address,65.112.8.60,100,24,True,2019-10-30 18:46:44,R_1GT6m94p3V6B9vZ,,,,,42.3737030029296875,-71.1284027099609375,anonymous,EN,No,,Much Easier
2019-10-30 18:44:53,2019-10-30 18:46:47,Spam,65.112.8.60,100,113,True,2019-10-30 18:46:47,R_1CrO7QLgAjCZSTy,,,,,42.3737030029296875,-71.1284027099609375,anonymous,EN,No,,Much Easier
2019-10-30 18:47:35,2019-10-30 18:47:46,IP Address,67.134.204.46,100,10,True,2019-10-30 18:47:46,R_Xvol8gEVaiS9vcB,,,,,42.3737030029296875,-71.1284027099609375,anonymous,EN,No,Slightly Easier,
2019-10-30 18:46:58,2019-10-30 18:48:01,IP Address,65.112.8.19,100,63,True,2019-10-30 18:48:02,R_2R55QZh2dh4ERok,,,,,42.3737030029296875,-71.1284027099609375,anonymous,EN,No,,Much Easier
2019-10-30 18:47:51,2019-10-30 18:48:04,IP Address,65.112.8.51,100,12,True,2019-10-30 18:48:04,R_29uneVQGhjeLR46,,,,,42.3737030029296875,-71.1284027099609375,anonymous,EN,Yes,Much Easier,
2019-10-30 18:48:19,2019-10-30 18:48:30,IP Address,65.112.10.55,100,10,True,2019-10-30 18:48:30,R_2fIkrHEgNmJThJT,,,,,42.3737030029296875,-71.1284027099609375,anonymous,EN,No,Much Easier,
2019-10-30 18:49:37,2019-10-30 18:50:06,IP Address,65.112.8.61,100,28,True,2019-10-30 18:50:07,R_3pt2dbFvCof1wgA,,,,,42.3737030029296875,-71.1284027099609375,anonymous,EN,Yes,,Slightly Easier
2019-10-30 18:50:05,2019-10-30 18:50:46,IP Address,174.196.202.147,100,40,True,2019-10-30 18:50:46,R_3JK32pcAl5uY5JS,,,,,37.751007080078125,-97.82199859619140625,anonymous,EN,No,,Slightly Easier
2019-10-30 18:51:45,2019-10-30 18:52:07,IP Address,65.112.8.48,100,21,True,2019-10-30 18:52:07,R_PUIjmseWw0knKlb,,,,,42.3737030029296875,-71.1284027099609375,anonymous,EN,Yes,Slightly Harder,
2019-10-30 18:52:55,2019-10-30 18:53:08,IP Address,65.112.8.27,100,12,True,2019-10-30 18:53:08,R_3ffNcqtJcTE64Pr,,,,,42.3737030029296875,-71.1284027099609375,anonymous,EN,No,Much Easier,
2019-10-30 18:55:16,2019-10-30 18:55:44,IP Address,172.58.188.4,100,27,True,2019-10-30 18:55:44,R_3k6clSqdkLuictt,,,,,39.0850982666015625,-77.05899810791015625,anonymous,EN,Yes,,No difference
2019-10-30 18:59:11,2019-10-30 18:59:31,IP Address,65.112.8.18,100,19,True,2019-10-30 18:59:31,R_3G6NLR3xij77liL,,,,,42.3737030029296875,-71.1284027099609375,anonymous,EN,No,Slightly Easier,
2019-10-30 18:58:53,2019-10-30 18:59:38,IP Address,65.112.8.59,100,45,True,2019-10-30 18:59:39,R_2Bu4eXfEHdbibXy,,,,,42.3737030029296875,-71.1284027099609375,anonymous,EN,No,Slightly Easier,
2019-10-30 19:04:51,2019-10-30 19:05:02,IP Address,65.112.8.31,100,10,True,2019-10-30 19:05:02,R_8oaCwSlg0ByFAn7,,,,,42.3737030029296875,-71.1284027099609375,anonymous,EN,No,Slightly Easier,
2019-10-30 19:05:30,2019-10-30 19:05:54,IP Address,65.112.8.17,100,23,True,2019-10-30 19:05:54,R_2wHbN30ozmLVRwZ,,,,,42.3737030029296875,-71.1284027099609375,anonymous,EN,No,,Slightly Easier
2019-10-30 19:06:49,2019-10-30 19:07:29,IP Address,65.112.8.59,100,40,True,2019-10-30 19:07:30,R_3kBcWYfzFKcqhnq,,,,,42.3737030029296875,-71.1284027099609375,anonymous,EN,No,,Slightly Easier
2019-10-30 19:07:08,2019-10-30 19:07:43,IP Address,172.58.221.30,100,34,True,2019-10-30 19:07:43,R_2gc0Ydv6JSADHhf,,,,,41.82330322265625,-71.44100189208984375,anonymous,EN,No,,Slightly Easier
2019-10-30 19:13:09,2019-10-30 19:13:26,IP Address,65.112.8.49,100,16,True,2019-10-30 19:13:26,R_22JrgdypzQ1zrm5,,,,,42.3737030029296875,-71.1284027099609375,anonymous,EN,No,Slightly Easier,
2019-10-30 19:14:38,2019-10-30 19:14:56,IP Address,65.112.8.22,100,18,True,2019-10-30 19:14:56,R_DTD0VQP60O66gWB,,,,,42.3737030029296875,-71.1284027099609375,anonymous,EN,No,Much Easier,
2019-10-30 19:17:36,2019-10-30 19:17:44,IP Address,65.112.8.55,100,8,True,2019-10-30 19:17:45,R_2y1whecmHEI3f7e,,,,,42.3737030029296875,-71.1284027099609375,anonymous,EN,No,No difference,
2019-10-30 19:19:03,2019-10-30 19:19:31,IP Address,65.112.8.31,100,27,True,2019-10-30 19:19:31,R_1dsho7RmXQhGKBW,,,,,42.3737030029296875,-71.1284027099609375,anonymous,EN,No,,Much Easier
2019-10-30 19:19:24,2019-10-30 19:19:37,IP Address,65.112.8.25,100,12,True,2019-10-30 19:19:37,R_31HFUky4H9N1TyE,,,,,42.3737030029296875,-71.1284027099609375,anonymous,EN,Yes,Slightly Easier,
2019-10-30 19:26:12,2019-10-30 19:26:25,IP Address,65.112.8.54,100,13,True,2019-10-30 19:26:26,R_urY5LMJZ87Jv6V3,,,,,42.3737030029296875,-71.1284027099609375,anonymous,EN,No,Slightly Easier,
2019-10-30 19:26:56,2019-10-30 19:28:43,IP Address,65.112.8.28,100,107,True,2019-10-30 19:28:43,R_3IY7gsjIPta4o41,,,,,42.3737030029296875,-71.1284027099609375,anonymous,EN,No,,Much Easier
2019-10-30 19:29:09,2019-10-30 19:30:00,IP Address,65.112.8.19,100,50,True,2019-10-30 19:30:01,R_1pVx0lJxc0IYbD3,,,,,42.3737030029296875,-71.1284027099609375,anonymous,EN,No,No difference,
2019-10-30 19:34:45,2019-10-30 19:35:01,IP Address,65.112.8.56,100,15,True,2019-10-30 19:35:01,R_3j8VHeXy2qtZ18n,,,,,42.3737030029296875,-71.1284027099609375,anonymous,EN,No,Slightly Easier,
2019-10-30 19:45:08,2019-10-30 19:45:32,IP Address,65.112.8.20,100,24,True,2019-10-30 19:45:32,R_1QJw8kqy9CBYwHe,,,,,42.3737030029296875,-71.1284027099609375,anonymous,EN,No,Slightly Easier,
2019-10-30 19:46:39,2019-10-30 19:47:21,IP Address,65.112.8.59,100,42,True,2019-10-30 19:47:22,R_3Pzd9kA61YsqZ3D,,,,,42.3737030029296875,-71.1284027099609375,anonymous,EN,No,,Much Easier
2019-10-30 19:51:17,2019-10-30 19:51:50,IP Address,65.112.8.29,100,32,True,2019-10-30 19:51:50,R_23eESqgE4rKT12J,,,,,42.3737030029296875,-71.1284027099609375,anonymous,EN,No,,Much Easier
2019-10-30 20:08:38,2019-10-30 20:09:12,IP Address,65.112.8.51,100,33,True,2019-10-30 20:09:12,R_9zQJMZOJARIP9Sx,,,,,42.3737030029296875,-71.1284027099609375,anonymous,EN,Yes,,No difference
2019-10-30 20:10:00,2019-10-30 20:10:34,IP Address,65.112.8.17,100,33,True,2019-10-30 20:10:34,R_qxqwDaE7J2pTnzP,,,,,42.3737030029296875,-71.1284027099609375,anonymous,EN,No,,No difference
2019-10-30 20:26:26,2019-10-30 20:26:46,IP Address,65.112.8.50,100,20,True,2019-10-30 20:26:47,R_3fPFOiSJPMFkmN6,,,,,42.3737030029296875,-71.1284027099609375,anonymous,EN,No,Slightly Easier,
2019-10-30 21:00:19,2019-10-30 21:00:47,IP Address,65.112.8.48,100,28,True,2019-10-30 21:00:48,R_AcW9RdEi7HFzcXf,,,,,42.3737030029296875,-71.1284027099609375,anonymous,EN,No,Much Easier,
2019-10-30 21:02:14,2019-10-30 21:02:40,IP Address,65.112.8.18,100,25,True,2019-10-30 21:02:40,R_3rY7fADNr0ZrsBO,,,,,42.3737030029296875,-71.1284027099609375,anonymous,EN,No,Slightly Easier,
2019-10-30 21:04:41,2019-10-30 21:04:56,IP Address,65.112.8.57,100,15,True,2019-10-30 21:04:56,R_DC5Db3inWKLh7aN,,,,,42.3737030029296875,-71.1284027099609375,anonymous,EN,No,Slightly Easier,
2019-10-30 21:16:11,2019-10-30 21:16:50,IP Address,65.112.8.30,100,38,True,2019-10-30 21:16:50,R_wXlg944gZ5ewJ0J,,,,,42.3737030029296875,-71.1284027099609375,anonymous,EN,No,Much Easier,
2019-10-30 21:44:43,2019-10-30 21:44:57,IP Address,65.112.8.55,100,13,True,2019-10-30 21:44:58,R_3m1xtBGzTC4hMXy,,,,,42.3737030029296875,-71.1284027099609375,anonymous,EN,No,Slightly Easier,
2019-10-30 22:03:20,2019-10-30 22:03:28,IP Address,65.112.8.1,100,8,True,2019-10-30 22:03:29,R_3NQCkP3SUJ3MHTJ,,,,,42.3737030029296875,-71.1284027099609375,anonymous,EN,No,Slightly Easier,
2019-10-30 22:15:06,2019-10-30 22:16:08,IP Address,65.112.8.21,100,62,True,2019-10-30 22:16:08,R_1IgXJCqnYy5HjOM,,,,,42.3737030029296875,-71.1284027099609375,anonymous,EN,No,Slightly Easier,
2019-10-30 22:23:51,2019-10-30 22:24:10,IP Address,65.112.8.31,100,19,True,2019-10-30 22:24:10,R_w6MMiH49GPUgSZz,,,,,42.3737030029296875,-71.1284027099609375,anonymous,EN,No,,No difference
2019-10-30 22:57:59,2019-10-30 22:59:01,IP Address,65.112.8.51,100,61,True,2019-10-30 22:59:02,R_1CscKOKAwNRE89d,,,,,42.3737030029296875,-71.1284027099609375,anonymous,EN,No,,Slightly Easier
2019-10-30 23:07:11,2019-10-30 23:07:54,IP Address,65.112.8.49,100,42,True,2019-10-30 23:07:54,R_23V0sGHnlm5m5mP,,,,,42.3737030029296875,-71.1284027099609375,anonymous,EN,No,,Slightly Easier
2019-10-30 23:15:33,2019-10-30 23:15:51,IP Address,65.112.8.17,100,17,True,2019-10-30 23:15:51,R_2OK1S9No9ge5su2,,,,,42.3737030029296875,-71.1284027099609375,anonymous,EN,No,Slightly Easier,
2019-10-30 23:16:19,2019-10-30 23:16:45,IP Address,65.112.8.30,100,25,True,2019-10-30 23:16:45,R_1QMbJ8GzF3L62NZ,,,,,42.3737030029296875,-71.1284027099609375,anonymous,EN,No,,Much Easier
2019-10-30 23:32:44,2019-10-30 23:33:04,IP Address,65.112.8.28,100,20,True,2019-10-30 23:33:05,R_1lv0J74Dpi4jRxV,,,,,42.3737030029296875,-71.1284027099609375,anonymous,EN,No,Slightly Easier,
2019-10-30 23:51:39,2019-10-30 23:52:44,IP Address,172.58.221.67,100,65,True,2019-10-30 23:52:45,R_3EnbNDIQNm1YPyf,,,,,41.82330322265625,-71.44100189208984375,anonymous,EN,No,,Slightly Easier
2019-10-30 23:57:14,2019-10-30 23:57:24,IP Address,65.112.8.21,100,10,True,2019-10-30 23:57:25,R_DV7pdaxJ9lSGHap,,,,,42.3737030029296875,-71.1284027099609375,anonymous,EN,No,Slightly Easier,
2019-10-31 00:25:30,2019-10-31 00:30:35,IP Address,125.254.112.17,100,304,True,2019-10-31 00:30:36,R_2EnKwle8EFgPVkC,,,,,-33.8910980224609375,151.175506591796875,anonymous,EN,Yes,Slightly Easier,
2019-10-31 01:09:43,2019-10-31 01:10:35,IP Address,174.196.221.162,100,51,True,2019-10-31 01:10:35,R_1qWlIhoBEHL1TcB,,,,,37.751007080078125,-97.82199859619140625,anonymous,EN,No,,Slightly Easier
2019-10-31 02:47:58,2019-10-31 02:48:23,IP Address,65.112.8.137,100,24,True,2019-10-31 02:48:23,R_1IYhKmEGHTdNyTw,,,,,42.3737030029296875,-71.1284027099609375,anonymous,EN,No,,Much Easier
2019-10-31 05:04:55,2019-10-31 05:05:15,IP Address,65.112.8.17,100,19,True,2019-10-31 05:05:15,R_pQVBWzMWIOdndhT,,,,,42.3737030029296875,-71.1284027099609375,anonymous,EN,No,,Slightly Easier
2019-10-31 07:45:08,2019-10-31 07:45:30,IP Address,65.112.8.16,100,21,True,2019-10-31 07:45:30,R_3hfGNsU62Dusk6O,,,,,42.3737030029296875,-71.1284027099609375,anonymous,EN,No,,Slightly Easier
2019-10-31 11:36:53,2019-10-31 11:37:23,IP Address,65.112.8.49,100,29,True,2019-10-31 11:37:23,R_RRAqdauk2nv1zq1,,,,,42.3737030029296875,-71.1284027099609375,anonymous,EN,No,,Slightly Easier
2019-10-30 20:03:07,2019-10-31 11:57:32,IP Address,65.112.8.26,100,57264,True,2019-10-31 11:57:32,R_1jy8WSUV45Yu7dM,,,,,42.3737030029296875,-71.1284027099609375,anonymous,EN,No,,Slightly Easier
2019-10-31 14:47:38,2019-10-31 14:47:51,IP Address,65.112.8.132,100,13,True,2019-10-31 14:47:51,R_QcfvZaZfKMxipix,,,,,42.3737030029296875,-71.1284027099609375,anonymous,EN,No,Slightly Easier,
2019-10-31 09:54:59,2019-10-31 15:09:53,IP Address,174.196.203.77,100,18893,True,2019-10-31 15:09:53,R_vj1fGCVe1AuJt73,,,,,42.346405029296875,-71.097503662109375,anonymous,EN,No,Slightly Easier,
2019-10-31 18:33:27,2019-10-31 18:33:40,IP Address,65.112.8.17,100,12,True,2019-10-31 18:33:40,R_29ts9AS9l4xlvvO,,,,,42.3737030029296875,-71.1284027099609375,anonymous,EN,No,No difference,
2019-11-05 14:46:04,2019-11-05 14:46:38,IP Address,65.112.8.31,100,33,True,2019-11-05 14:46:38,R_1GvQjwA9PrCx9eV,,,,,42.3737030029296875,-71.1284027099609375,anonymous,EN,No,,Much Easier
2019-11-05 14:46:33,2019-11-05 14:46:41,IP Address,65.112.8.54,100,8,True,2019-11-05 14:46:41,R_1JWM0BnxFUANOFK,,,,,42.3737030029296875,-71.1284027099609375,anonymous,EN,No,Much Easier,
2019-11-05 14:47:08,2019-11-05 14:47:17,IP Address,107.77.223.76,100,8,True,2019-11-05 14:47:17,R_pEN0GXxnPvLCc8x,,,,,40.7682952880859375,-73.98020172119140625,anonymous,EN,No,Much Easier,
2019-11-05 14:47:28,2019-11-05 14:47:44,IP Address,65.112.8.52,100,16,True,2019-11-05 14:47:45,R_2YAnpvANGex4qPw,,,,,42.3737030029296875,-71.1284027099609375,anonymous,EN,No,Much Easier,
2019-11-05 14:48:18,2019-11-05 14:48:33,IP Address,65.112.8.18,100,14,True,2019-11-05 14:48:33,R_1FzCKLYoRzKDKMW,,,,,42.3737030029296875,-71.1284027099609375,anonymous,EN,No,Much Easier,
2019-11-05 14:48:45,2019-11-05 14:49:16,IP Address,76.119.105.46,100,30,True,2019-11-05 14:49:16,R_32QFNn9O78XoYEJ,,,,,42.3737030029296875,-71.1284027099609375,anonymous,EN,No,,Slightly Easier
2019-11-05 14:49:37,2019-11-05 14:49:53,IP Address,65.112.8.31,100,16,True,2019-11-05 14:49:53,R_2s1MEkIz72JrjZ8,,,,,42.3737030029296875,-71.1284027099609375,anonymous,EN,No,,Slightly Easier
2019-11-05 14:49:54,2019-11-05 14:50:07,IP Address,65.112.8.61,100,13,True,2019-11-05 14:50:07,R_3fTMQvwuhVWXavc,,,,,42.3737030029296875,-71.1284027099609375,anonymous,EN,No,No difference,
2019-11-05 14:50:16,2019-11-05 14:50:47,IP Address,99.203.121.151,100,30,True,2019-11-05 14:50:47,R_1H8Hv8JgQiTha4V,,,,,42.10150146484375,-72.5897979736328125,anonymous,EN,No,,Slightly Easier
2019-11-05 14:50:57,2019-11-05 14:51:14,IP Address,65.112.11.47,100,17,True,2019-11-05 14:51:14,R_D0PAOTw8vlCy6Vb,,,,,42.3737030029296875,-71.1284027099609375,anonymous,EN,No,,Much Easier
2019-11-05 14:51:37,2019-11-05 14:51:48,IP Address,65.112.8.27,100,10,True,2019-11-05 14:51:48,R_2EobCbGyt7c1QFz,,,,,42.3737030029296875,-71.1284027099609375,anonymous,EN,No,,Much Easier
2019-11-05 14:50:19,2019-11-05 14:51:56,IP Address,65.112.8.57,100,96,True,2019-11-05 14:51:56,R_2yrpWZ27cDBb4Et,,,,,42.3737030029296875,-71.1284027099609375,anonymous,EN,No,Slightly Easier,
2019-11-05 15:04:10,2019-11-05 15:04:48,IP Address,65.112.8.49,100,37,True,2019-11-05 15:04:48,R_qPB8jbBuPyZ0RGh,,,,,42.3737030029296875,-71.1284027099609375,anonymous,EN,No,,Much Easier
2019-11-05 15:06:51,2019-11-05 15:07:20,IP Address,65.112.8.25,100,28,True,2019-11-05 15:07:20,R_3F3ASjqyeAbOGjH,,,,,42.3737030029296875,-71.1284027099609375,anonymous,EN,No,,Much Easier
2019-11-05 15:07:44,2019-11-05 15:08:04,IP Address,174.242.77.43,100,19,True,2019-11-05 15:08:04,R_Od3GdhiT6ZKiGBj,,,,,42.3307037353515625,-71.0912017822265625,anonymous,EN,No,Much Easier,
2019-11-05 15:16:26,2019-11-05 15:16:47,IP Address,65.112.8.14,100,20,True,2019-11-05 15:16:47,R_2tqVcNupww41Xaz,,,,,42.3737030029296875,-71.1284027099609375,anonymous,EN,No,Slightly Easier,
2019-11-05 15:18:44,2019-11-05 15:19:16,IP Address,65.112.8.57,100,31,True,2019-11-05 15:19:16,R_2cpBhQw81GrhQST,,,,,42.3737030029296875,-71.1284027099609375,anonymous,EN,No,,Much Easier
2019-11-05 15:31:34,2019-11-05 15:31:57,IP Address,172.58.221.124,100,23,True,2019-11-05 15:31:57,R_2TpfwrNyMEcmOtz,,,,,41.82330322265625,-71.44100189208984375,anonymous,EN,No,Much Easier,
2019-11-05 15:54:23,2019-11-05 15:54:38,IP Address,174.242.81.192,100,15,True,2019-11-05 15:54:38,R_2s3glmtNqiYqBBD,,,,,42.297393798828125,-71.07219696044921875,anonymous,EN,No,Slightly Easier,
2019-11-05 16:25:40,2019-11-05 16:26:34,IP Address,65.112.8.9,100,54,True,2019-11-05 16:26:34,R_30iBL4k7JVOQnmN,,,,,42.3737030029296875,-71.1284027099609375,anonymous,EN,No,,Slightly Easier
2019-11-05 16:50:48,2019-11-05 16:51:12,IP Address,174.196.223.85,100,23,True,2019-11-05 16:51:12,R_1jr0dzGC1nem4LV,,,,,37.751007080078125,-97.82199859619140625,anonymous,EN,No,Slightly Easier,
2019-11-05 17:27:45,2019-11-05 17:28:14,IP Address,65.112.8.130,100,29,True,2019-11-05 17:28:15,R_OJYRqMg4coy2rbX,,,,,42.3737030029296875,-71.1284027099609375,anonymous,EN,No,,Slightly Easier
2019-11-05 17:32:55,2019-11-05 17:33:13,IP Address,65.112.8.24,100,17,True,2019-11-05 17:33:13,R_26mduUZulrshygd,,,,,42.3737030029296875,-71.1284027099609375,anonymous,EN,No,Slightly Easier,
2019-11-05 18:12:12,2019-11-05 18:12:59,IP Address,65.112.8.20,100,46,True,2019-11-05 18:12:59,R_3Pe4yTk5NoQ8sn5,,,,,42.3737030029296875,-71.1284027099609375,anonymous,EN,Yes,,Slightly Easier
2019-11-05 18:13:51,2019-11-05 18:14:04,IP Address,65.112.8.51,100,13,True,2019-11-05 18:14:04,R_Dkstd0LUb14bG4V,,,,,42.3737030029296875,-71.1284027099609375,anonymous,EN,No,No difference,
2019-11-05 18:27:53,2019-11-05 18:28:28,IP Address,65.112.8.49,100,35,True,2019-11-05 18:28:29,R_234rbxxyGZgLl7v,,,,,42.3737030029296875,-71.1284027099609375,anonymous,EN,No,,Much Easier
2019-11-05 18:36:01,2019-11-05 18:36:13,IP Address,65.112.8.134,100,11,True,2019-11-05 18:36:13,R_2v7xPbqajO4yc9k,,,,,42.3737030029296875,-71.1284027099609375,anonymous,EN,No,Much Easier,
2019-11-05 19:13:27,2019-11-05 19:14:01,IP Address,65.112.8.129,100,33,True,2019-11-05 19:14:01,R_3nkgfxhHyROmGmc,,,,,42.3737030029296875,-71.1284027099609375,anonymous,EN,No,,Much Easier
2019-11-05 22:16:52,2019-11-05 22:17:22,IP Address,65.112.8.5,100,30,True,2019-11-05 22:17:22,R_12PxrWvOI6xmdZc,,,,,42.3737030029296875,-71.1284027099609375,anonymous,EN,No,,Slightly Easier
2019-11-05 22:28:27,2019-11-05 22:30:21,IP Address,65.112.8.57,100,114,True,2019-11-05 22:30:22,R_2CCWY3sajQlJDKG,,,,,42.3737030029296875,-71.1284027099609375,anonymous,EN,No,,Slightly Easier
2019-10-30 12:10:22,2019-10-30 12:10:40,IP Address,65.112.8.54,75,18,False,2019-11-06 11:10:58,R_2s08ne6OvISWwo2,,,,,,,anonymous,EN,No,,
2019-10-30 12:17:55,2019-10-30 12:18:12,IP Address,65.112.8.48,75,17,False,2019-11-06 11:18:36,R_s6cfd7Msy1TRyI9,,,,,,,anonymous,EN,No,,
2019-10-30 12:26:09,2019-10-30 12:26:20,IP Address,65.112.8.51,75,11,False,2019-11-06 11:26:25,R_UECeKyzezPQmAZr,,,,,,,anonymous,EN,Yes,,
2019-10-30 12:26:20,2019-10-30 12:26:24,IP Address,65.112.8.139,75,4,False,2019-11-06 11:26:48,R_1NqYiG9QsVZ9RAl,,,,,,,anonymous,EN,No,,
2019-10-30 12:29:12,2019-10-30 12:29:28,IP Address,65.112.8.61,75,15,False,2019-11-06 11:29:53,R_2QyBRGQBv9cUTU1,,,,,,,anonymous,EN,No,,
2019-10-30 12:32:23,2019-10-30 12:32:39,IP Address,65.112.8.25,75,15,False,2019-11-06 11:32:47,R_2tgreaOVO3HN88x,,,,,,,anonymous,EN,No,,
2019-10-30 12:33:39,2019-10-30 12:33:43,IP Address,65.112.8.25,75,3,False,2019-11-06 11:33:44,R_a2Zv4FA8AGUr6Zr,,,,,,,anonymous,EN,No,,
2019-10-30 12:43:56,2019-10-30 12:44:00,IP Address,65.112.8.51,50,3,False,2019-11-06 11:44:01,R_3oHKoSVzLqn5r2r,,,,,,,anonymous,EN,No,,
2019-10-30 13:05:44,2019-10-30 13:05:58,IP Address,65.112.8.30,75,14,False,2019-11-06 12:06:05,R_1cRK66nr55L4s3g,,,,,,,anonymous,EN,No,,
2019-10-30 13:35:30,2019-10-30 13:35:36,IP Address,65.112.8.30,75,6,False,2019-11-06 12:35:47,R_2pPrIBXtfp6RrHO,,,,,,,anonymous,EN,No,,
2019-10-30 14:16:05,2019-10-30 14:16:09,IP Address,107.77.225.57,75,3,False,2019-11-06 13:16:12,R_3nTW1n1z8gSSvJk,,,,,,,anonymous,EN,Yes,,
2019-10-30 14:17:28,2019-10-30 14:17:35,Spam,107.77.225.57,75,7,False,2019-11-06 13:17:50,R_262zHU73TmbW24t,,,,,,,anonymous,EN,Yes,,
2019-10-30 14:21:26,2019-10-30 14:21:29,IP Address,65.112.8.30,75,2,False,2019-11-06 13:21:34,R_2PgQ0cpzNDaMNSp,,,,,,,anonymous,EN,No,,
2019-10-30 20:20:06,2019-10-30 20:20:10,IP Address,65.112.8.23,50,3,False,2019-11-06 19:20:18,R_1N3K7cmoCGfIIgc,,,,,,,anonymous,EN,No,,
2019-10-30 23:54:07,2019-10-30 23:54:16,IP Address,65.112.8.18,75,9,False,2019-11-06 22:54:50,R_1CrMi0ySC86MYoz,,,,,,,anonymous,EN,No,,
2019-11-08 12:31:42,2019-11-08 12:32:06,IP Address,65.112.8.24,100,24,True,2019-11-08 12:32:07,R_OuS6901u5zjt00V,,,,,42.3737030029296875,-71.1284027099609375,anonymous,EN,No,,Slightly Easier
